datetime,tail24,tail24_avg,evap,infl,losses,rel1,rel2,rel3,rel_tol,engr1,engr2,engr3,cond1,cond2,cond3,str1,str2,str3,run_g1,run_g2,run_g3,run_c1,run_c2,run_c3,spillway,irr,camp,demand,derate,outage,stor,fore24
2004-01-31,81.83419354838709,0.0,0.9266935483870966,1.5331129032258068,0.0,0.0,0.0,0.0,12.697296774193548,0.0,0.0,0.0,0.0,0.0,0.0,0.0,0.0,0.0,0.0,0.0,0.0,0.0,0.0,0.0,0.0,0.0,0.0,0.0,0.0,0.0,6996.78640967742,149.8806451612903
2004-02-29,82.58206896551727,0.0,1.1591172413793105,0.7499758620689655,0.0,0.0,0.0,0.0,16.663372413793105,0.0,0.0,0.0,0.0,0.0,0.0,0.0,0.0,0.0,0.0,0.0,0.0,0.0,0.0,0.0,0.0,0.0,0.0,0.0,0.0,0.0,6549.067286206896,148.5334482758621
2004-03-31,82.74709677419354,0.0,1.2143935483870971,0.6988516129032257,0.0,0.0,0.0,0.0,20.855861290322583,0.0,0.0,0.0,0.0,0.0,0.0,0.0,0.0,0.0,0.0,0.0,0.0,0.0,0.0,0.0,0.0,0.0,0.0,0.0,0.0,0.0,5905.6694677419355,146.49516129032256
2004-04-30,83.01599999999999,0.0,1.1760066666666666,0.09027333333333334,0.0,0.0,0.0,0.0,20.40949666666667,0.0,0.0,0.0,0.0,0.0,0.0,0.0,0.0,0.0,0.0,0.0,0.0,0.0,0.0,0.0,0.0,0.0,0.0,0.0,0.0,0.0,5173.426503333332,144.00433333333334
2004-05-31,81.58870967741936,0.0,0.8773193548387096,12.700922580645164,0.0,0.0,0.0,0.0,13.778893548387096,0.0,0.0,0.0,0.0,0.0,0.0,0.0,0.0,0.0,0.0,0.0,0.0,0.0,0.0,0.0,0.0,0.0,0.0,0.0,0.0,0.0,4702.965129032258,142.29258064516128
2004-06-30,80.99000000000002,0.0,0.64109,33.721383333333335,0.0,0.0,0.0,0.0,8.432516666666668,0.0,0.0,0.0,0.0,0.0,0.0,0.0,0.0,0.0,0.0,0.0,0.0,0.0,0.0,0.0,0.0,0.0,0.0,0.0,0.0,0.0,4928.4828,143.11566666666664
2004-07-31,81.99387096774196,0.0,0.6202419354838711,21.630045161290326,0.0,0.0,0.0,0.0,13.33125806451613,0.0,0.0,0.0,0.0,0.0,0.0,0.0,0.0,0.0,0.0,0.0,0.0,0.0,0.0,0.0,0.0,0.0,0.0,0.0,0.0,0.0,5664.959170967742,145.70645161290324
2004-08-31,81.91419354838708,0.0,0.7163806451612905,54.4931677419355,0.0,0.0,0.0,0.0,17.05753225806452,0.0,0.0,0.0,0.0,0.0,0.0,0.0,0.0,0.0,0.0,0.0,0.0,0.0,0.0,0.0,0.0,0.0,0.0,0.0,0.0,0.0,6389.111125806452,148.0235483870968
2004-09-30,81.29766666666666,0.0,0.8476466666666665,23.58703333333334,0.0,0.0,0.0,0.0,15.955733333333335,0.0,0.0,0.0,0.0,0.0,0.0,0.0,0.0,0.0,0.0,0.0,0.0,0.0,0.0,0.0,0.0,0.0,0.0,0.0,0.0,0.0,6987.82869,149.8553333333333
2004-10-31,81.27645161290322,0.0,0.9221419354838711,6.193570967741933,0.0,0.0,0.0,0.0,14.510993548387097,0.0,0.0,0.0,0.0,0.0,0.0,0.0,0.0,0.0,0.0,0.0,0.0,0.0,0.0,0.0,0.0,0.0,0.0,0.0,0.0,0.0,6974.159370967744,149.8148387096774
2004-11-30,81.82333333333334,0.0,0.7625833333333333,1.4263299999999997,0.0,0.0,0.0,0.0,19.193050000000003,0.0,0.0,0.0,0.0,0.0,0.0,0.0,0.0,0.0,0.0,0.0,0.0,0.0,0.0,0.0,0.0,0.0,0.0,0.0,0.0,0.0,6517.776706666666,148.43699999999998
2004-12-31,80.69096774193548,0.0,0.752516129032258,1.090551612903226,0.0,0.0,0.0,0.0,10.059809677419357,0.0,0.0,0.0,0.0,0.0,0.0,0.0,0.0,0.0,0.0,0.0,0.0,0.0,0.0,0.0,0.0,0.0,0.0,0.0,0.0,0.0,6056.710564516129,146.99064516129036
2005-01-31,80.93677419354839,0.0,0.8271870967741937,1.1086870967741935,0.0,0.0,0.0,0.0,10.052396774193548,0.0,0.0,0.0,0.0,0.0,0.0,0.0,0.0,0.0,0.0,0.0,0.0,0.0,0.0,0.0,0.0,0.0,0.0,0.0,0.0,0.0,5779.97796451613,146.08806451612904
2005-02-28,81.71285714285713,0.0,1.0284535714285716,0.6455928571428572,0.0,0.0,0.0,0.0,16.229667857142854,0.0,0.0,0.0,0.0,0.0,0.0,0.0,0.0,0.0,0.0,0.0,0.0,0.0,0.0,0.0,0.0,0.0,0.0,0.0,0.0,0.0,5377.009235714287,144.72214285714284
2005-03-31,81.8483870967742,0.0,1.066977419354839,0.44036774193548395,0.0,0.0,0.0,0.0,17.15094838709678,0.0,0.0,0.0,0.0,0.0,0.0,0.0,0.0,0.0,0.0,0.0,0.0,0.0,0.0,0.0,0.0,0.0,0.0,0.0,0.0,0.0,4803.317890322582,142.6635483870968
2005-04-30,82.22800000000001,0.0,1.0364133333333332,0.16686666666666664,0.0,0.0,0.0,0.0,16.68884333333333,0.0,0.0,0.0,0.0,0.0,0.0,0.0,0.0,0.0,0.0,0.0,0.0,0.0,0.0,0.0,0.0,0.0,0.0,0.0,0.0,0.0,4244.112753333333,140.50500000000005
2005-05-31,81.53516129032258,0.0,0.7564612903225806,1.821258064516129,0.0,0.0,0.0,0.0,13.170587096774192,0.0,0.0,0.0,0.0,0.0,0.0,0.0,0.0,0.0,0.0,0.0,0.0,0.0,0.0,0.0,0.0,0.0,0.0,0.0,0.0,0.0,3735.8305612903227,138.38483870967744
2005-06-30,80.693,0.0,0.5195433333333335,10.208943333333332,0.0,0.0,0.0,0.0,7.600533333333332,0.0,0.0,0.0,0.0,0.0,0.0,0.0,0.0,0.0,0.0,0.0,0.0,0.0,0.0,0.0,0.0,0.0,0.0,0.0,0.0,0.0,3558.527616666667,137.6036666666667
2005-07-31,81.05516129032256,0.0,0.4840483870967741,46.122232258064514,0.0,0.0,0.0,0.0,6.882751612903226,0.0,0.0,0.0,0.0,0.0,0.0,0.0,0.0,0.0,0.0,0.0,0.0,0.0,0.0,0.0,0.0,0.0,0.0,0.0,0.0,0.0,3846.3550161290323,138.83096774193547
2005-08-31,80.6190322580645,0.0,0.7039161290322579,70.5876612903226,0.0,0.0,0.0,0.0,4.458906451612903,0.0,0.0,0.0,0.0,0.0,0.0,0.0,0.0,0.0,0.0,0.0,0.0,0.0,0.0,0.0,0.0,0.0,0.0,0.0,0.0,0.0,6216.920180645162,147.446129032258
2005-09-30,80.96333333333332,0.0,0.8687133333333332,39.5458,0.0,0.0,0.0,0.0,6.704873333333334,0.0,0.0,0.0,0.0,0.0,0.0,0.0,0.0,0.0,0.0,0.0,0.0,0.0,0.0,0.0,0.0,0.0,0.0,0.0,0.0,0.0,7297.074313333332,150.74166666666667
2005-10-31,80.49612903225808,0.0,1.001574193548387,15.783003225806448,0.0,0.0,0.0,0.0,2.700374193548387,0.0,0.0,0.0,0.0,0.0,0.0,0.0,0.0,0.0,0.0,0.0,0.0,0.0,0.0,0.0,0.0,0.0,0.0,0.0,0.0,0.0,8061.112438709678,152.88838709677418
2005-11-30,81.499,0.0,0.8675266666666667,7.053616666666666,0.0,0.0,0.0,0.0,10.753599999999999,0.0,0.0,0.0,0.0,0.0,0.0,0.0,0.0,0.0,0.0,0.0,0.0,0.0,0.0,0.0,0.0,0.0,0.0,0.0,0.0,0.0,8156.627253333335,153.14733333333334
2005-12-31,80.75032258064518,0.0,0.882616129032258,2.1479225806451607,0.0,0.0,0.0,0.0,7.7237064516129035,0.0,0.0,0.0,0.0,0.0,0.0,0.0,0.0,0.0,0.0,0.0,0.0,0.0,0.0,0.0,0.0,0.0,0.0,0.0,0.0,0.0,7967.975841935483,152.63548387096773
2006-01-31,81.2341935483871,0.0,0.9786645161290323,1.5368580645161292,0.0,0.0,0.0,0.0,10.711964516129035,0.0,0.0,0.0,0.0,0.0,0.0,0.0,0.0,0.0,0.0,0.0,0.0,0.0,0.0,0.0,0.0,0.0,0.0,0.0,0.0,0.0,7694.915138709675,151.88161290322577
2006-02-28,82.26714285714286,0.0,1.2305857142857144,1.2313464285714282,0.0,0.0,0.0,0.0,18.72062857142857,0.0,0.0,0.0,0.0,0.0,0.0,0.0,0.0,0.0,0.0,0.0,0.0,0.0,0.0,0.0,0.0,0.0,0.0,0.0,0.0,0.0,7257.935017857142,150.64071428571427
2006-03-31,82.75193548387097,0.0,1.2944548387096773,0.7048290322580645,0.0,0.0,0.0,0.0,23.01667096774193,0.0,0.0,0.0,0.0,0.0,0.0,0.0,0.0,0.0,0.0,0.0,0.0,0.0,0.0,0.0,0.0,0.0,0.0,0.0,0.0,0.0,6570.86835483871,148.59709677419355
2006-04-30,82.67533333333334,0.0,1.2697633333333334,2.37931,0.0,0.0,0.0,0.0,21.659373333333335,0.0,0.0,0.0,0.0,0.0,0.0,0.0,0.0,0.0,0.0,0.0,0.0,0.0,0.0,0.0,0.0,0.0,0.0,0.0,0.0,0.0,5853.441423333334,146.32566666666665
2006-05-31,81.89161290322582,0.0,0.9529774193548384,10.640270967741937,0.0,0.0,0.0,0.0,17.588954838709675,0.0,0.0,0.0,0.0,0.0,0.0,0.0,0.0,0.0,0.0,0.0,0.0,0.0,0.0,0.0,0.0,0.0,0.0,0.0,0.0,0.0,5353.590377419354,144.64387096774192
2006-06-30,82.52466666666666,0.0,0.6554900000000002,15.537526666666668,0.0,0.0,0.0,0.0,23.90727666666667,0.0,0.0,0.0,0.0,0.0,0.0,0.0,0.0,0.0,0.0,0.0,0.0,0.0,0.0,0.0,0.0,0.0,0.0,0.0,0.0,0.0,5098.588876666667,143.74433333333334
2006-07-31,83.09483870967743,0.0,0.6550161290322581,77.13802903225807,0.0,0.0,0.0,0.0,24.32710645161291,0.0,0.0,0.0,0.0,0.0,0.0,0.0,0.0,0.0,0.0,0.0,0.0,0.0,0.0,0.0,0.0,0.0,0.0,0.0,0.0,0.0,6210.563216129033,147.44612903225803
2006-08-31,85.53000000000002,0.0,0.7874032258064516,87.70196451612902,0.0,0.0,0.0,0.0,40.236845161290326,0.0,0.0,0.0,0.0,0.0,0.0,0.0,0.0,0.0,0.0,0.0,0.0,0.0,0.0,0.0,0.0,0.0,0.0,0.0,0.0,0.0,7521.114019354838,151.36387096774192
2006-09-30,84.64399999999998,0.0,0.9083199999999999,25.292626666666663,0.0,0.0,0.0,0.0,33.052056666666665,0.0,0.0,0.0,0.0,0.0,0.0,0.0,0.0,0.0,0.0,0.0,0.0,0.0,0.0,0.0,0.0,0.0,0.0,0.0,0.0,0.0,7886.210330000001,152.41066666666666
2006-10-31,80.83451612903225,0.0,0.9994967741935485,16.154074193548386,0.0,0.0,0.0,0.0,7.481422580645163,0.0,0.0,0.0,0.0,0.0,0.0,0.0,0.0,0.0,0.0,0.0,0.0,0.0,0.0,0.0,0.0,0.0,0.0,0.0,0.0,0.0,8031.2547645161285,152.80774193548388
2006-11-30,81.44766666666668,0.0,0.8537766666666665,4.11687,0.0,0.0,0.0,0.0,12.880406666666664,0.0,0.0,0.0,0.0,0.0,0.0,0.0,0.0,0.0,0.0,0.0,0.0,0.0,0.0,0.0,0.0,0.0,0.0,0.0,0.0,0.0,7927.92082,152.5256666666667
2006-12-31,80.65129032258066,0.0,0.8639322580645162,1.6441516129032254,0.0,0.0,0.0,0.0,7.73148064516129,0.0,0.0,0.0,0.0,0.0,0.0,0.0,0.0,0.0,0.0,0.0,0.0,0.0,0.0,0.0,0.0,0.0,0.0,0.0,0.0,0.0,7671.606116129034,151.81709677419357
2007-01-31,80.68,81.06,0.969,0.1497,0.0,0.0662,2.145,1.5217,3.7329,9200.0,359400.0,259400.0,8.4,3.4,0.0,5280.0,0.0,570.0,76534.0,76535.5,4013.5,1302.6,1276.7,1290.9,0.0,0.0,14900.0,0.0,0.0,0.0,7561.9191,151.51
2007-02-28,,,,,,,,,,,,,,,,,,,,,,,,,,,,,,,,
2007-03-31,,,,,,,,,,,,,,,,,,,,,,,,,,,,,,,,
2007-04-30,,,,,,,,,,,,,,,,,,,,,,,,,,,,,,,,
2007-05-31,,,,,,,,,,,,,,,,,,,,,,,,,,,,,,,,
2007-06-30,,,,,,,,,,,,,,,,,,,,,,,,,,,,,,,,
2007-07-31,,,,,,,,,,,,,,,,,,,,,,,,,,,,,,,,
2007-08-31,,,,,,,,,,,,,,,,,,,,,,,,,,,,,,,,
2007-09-30,,,,,,,,,,,,,,,,,,,,,,,,,,,,,,,,
2007-10-31,,,,,,,,,,,,,,,,,,,,,,,,,,,,,,,,
2007-11-30,,,,,,,,,,,,,,,,,,,,,,,,,,,,,,,,
2007-12-31,,,,,,,,,,,,,,,,,,,,,,,,,,,,,,,,
2008-01-31,,,,,,,,,,,,,,,,,,,,,,,,,,,,,,,,
2008-02-29,,,,,,,,,,,,,,,,,,,,,,,,,,,,,,,,
2008-03-31,,,,,,,,,,,,,,,,,,,,,,,,,,,,,,,,
2008-04-30,,,,,,,,,,,,,,,,,,,,,,,,,,,,,,,,
2008-05-31,,,,,,,,,,,,,,,,,,,,,,,,,,,,,,,,
2008-06-30,,,,,,,,,,,,,,,,,,,,,,,,,,,,,,,,
2008-07-31,,,,,,,,,,,,,,,,,,,,,,,,,,,,,,,,
2008-08-31,,,,,,,,,,,,,,,,,,,,,,,,,,,,,,,,
2008-09-30,,,,,,,,,,,,,,,,,,,,,,,,,,,,,,,,
2008-10-31,,,,,,,,,,,,,,,,,,,,,,,,,,,,,,,,
2008-11-30,,,,,,,,,,,,,,,,,,,,,,,,,,,,,,,,
2008-12-31,,,,,,,,,,,,,,,,,,,,,,,,,,,,,,,,
2009-01-31,,,,,,,,,,,,,,,,,,,,,,,,,,,,,,,,
2009-02-28,,,,,,,,,,,,,,,,,,,,,,,,,,,,,,,,
2009-03-31,,,,,,,,,,,,,,,,,,,,,,,,,,,,,,,,
2009-04-30,,,,,,,,,,,,,,,,,,,,,,,,,,,,,,,,
2009-05-31,,,,,,,,,,,,,,,,,,,,,,,,,,,,,,,,
2009-06-30,,,,,,,,,,,,,,,,,,,,,,,,,,,,,,,,
2009-07-31,,,,,,,,,,,,,,,,,,,,,,,,,,,,,,,,
2009-08-31,,,,,,,,,,,,,,,,,,,,,,,,,,,,,,,,
2009-09-30,,,,,,,,,,,,,,,,,,,,,,,,,,,,,,,,
2009-10-31,,,,,,,,,,,,,,,,,,,,,,,,,,,,,,,,
2009-11-30,,,,,,,,,,,,,,,,,,,,,,,,,,,,,,,,
2009-12-31,,,,,,,,,,,,,,,,,,,,,,,,,,,,,,,,
2010-01-31,,,,,,,,,,,,,,,,,,,,,,,,,,,,,,,,
2010-02-28,,,,,,,,,,,,,,,,,,,,,,,,,,,,,,,,
2010-03-31,,,,,,,,,,,,,,,,,,,,,,,,,,,,,,,,
2010-04-30,,,,,,,,,,,,,,,,,,,,,,,,,,,,,,,,
2010-05-31,,,,,,,,,,,,,,,,,,,,,,,,,,,,,,,,
2010-06-30,,,,,,,,,,,,,,,,,,,,,,,,,,,,,,,,
2010-07-31,,,,,,,,,,,,,,,,,,,,,,,,,,,,,,,,
2010-08-31,,,,,,,,,,,,,,,,,,,,,,,,,,,,,,,,
2010-09-30,,,,,,,,,,,,,,,,,,,,,,,,,,,,,,,,
2010-10-31,,,,,,,,,,,,,,,,,,,,,,,,,,,,,,,,
2010-11-30,,,,,,,,,,,,,,,,,,,,,,,,,,,,,,,,
2010-12-31,,,,,,,,,,,,,,,,,,,,,,,,,,,,,,,,
2011-01-31,,,,,,,,,,,,,,,,,,,,,,,,,,,,,,,,
2011-02-28,81.285,82.61500000000001,0.8608,1.3261,0.9311,6.03805,4.48775,6.07325,16.59905,847500.0,622700.0,849800.0,0.0,0.0,0.0,4540.0,0.0,675.5,5958.65,92664.1,20143.95,1404.4,1391.2,1376.9,0.0,0.0,5309.0,16.5,70.5,0.0,4068.5551,139.79
2011-03-31,80.555,81.045,0.8995,1.40075,0.0,1.0989,2.847,1.09515,5.041049999999999,146100.0,387200.0,142700.0,0.0,0.0,0.0,4500.0,0.0,619.5,6230.65,92976.05,20421.3,1404.4,1391.2,1376.9,0.0,0.0,6875.0,5.0,81.0,0.0,3684.6212,138.165
2011-04-30,80.956,81.576,0.92418,0.036180000000000004,0.46340000000000003,2.5904399999999996,2.91192,2.92526,8.42762,341900.0,385580.0,385600.0,0.0,0.0,0.08,4682.0,0.0,642.0,6324.639999999999,93068.38,20511.04,1404.4,1391.2,1377.0600000000002,0.0,0.0,8646.0,8.4,85.8,0.0,3561.06586,137.61400000000003
2011-05-31,80.77636363636363,81.23727272727272,0.7122818181818181,6.624345454545454,0.0,2.0074454545454548,2.093,2.2068000000000003,6.307245454545455,260500.0,273600.0,288336.36363636365,0.0,0.0,0.0,4461.818181818182,0.0,617.6363636363636,6531.972727272727,93239.60909090909,20717.463636363635,1404.3999999999999,1391.2000000000005,1377.1000000000001,0.0,0.0,7345.0,6.3,90.0,0.0,3415.1029909090907,136.94909090909093
2011-06-30,80.57566666666668,80.94500000000001,0.5226299999999999,27.91739666666666,0.0,1.2676566666666667,1.27765,1.280846666666667,3.8261533333333335,167563.33333333334,169940.0,169156.66666666666,0.0,0.0,0.0,4631.666666666667,0.0,616.1,6611.123333333333,93319.05333333336,20799.293333333335,1404.4000000000008,1391.1999999999998,1377.0999999999992,0.0,0.0,7043.433333333333,3.8333333333333335,85.6,21.1,3594.838526666667,137.74533333333335
2011-07-31,81.04516129032258,81.74387096774193,0.5475870967741937,48.39820322580646,0.0,3.1699516129032266,3.204693548387097,3.1088290322580643,9.483474193548386,461287.0967741936,466748.3870967742,458412.9032258064,0.0,0.0,0.0,4700.645161290323,9.03225806451613,595.9677419354839,6727.012903225806,93435.1064516129,20903.3064516129,1404.4000000000008,1391.1999999999996,1377.0999999999992,0.0,0.0,6722.580645161291,9.483870967741936,58.45161290322581,7.709677419354839,4655.9211000000005,142.08645161290326
2011-08-31,82.65032258064517,83.66225806451614,0.6978645161290324,59.948054838709666,0.0,8.480487096774194,8.470767741935486,8.403538709677418,25.354793548387097,1339612.9032258065,1338358.064516129,1326667.7419354839,0.0,0.0,0.0,4713.225806451613,67.09677419354838,572.9032258064516,7107.322580645161,93814.04516129034,21291.52580645161,1404.4000000000008,1391.1999999999996,1377.0999999999992,0.0,0.0,6836.548387096775,25.35483870967742,25.258064516129032,0.0,6111.735525806451,147.15870967741935
2011-09-30,82.19533333333332,82.84799999999998,0.8406433333333335,52.563946666666666,0.0,6.025706666666665,6.505893333333334,6.1394133333333345,18.671013333333335,987356.6666666666,1069366.6666666667,1006816.6666666666,0.0,0.0,0.0,4647.0,89.0,553.7666666666667,7542.123333333332,94262.39666666668,21727.52333333333,1404.4000000000008,1391.1999999999998,1377.0999999999992,0.0,0.0,7099.766666666666,20.633333333333333,10.9,0.0,6893.796689999999,149.56333333333333
2011-10-31,81.73645161290324,82.251935483871,0.9670193548387098,22.416374193548386,0.0,6.256929032258064,0.0,6.304835483870966,12.561764516129035,1073893.5483870967,0.0,1082829.0322580645,0.0,0.0,0.0,5179.677419354839,0.0,592.8064516129032,7916.21935483871,94442.5,22103.083870967745,1404.4000000000008,1391.1999999999996,1377.0999999999992,0.0,0.0,7566.032258064516,14.161290322580646,0.0,100.0,7575.402500000003,151.54709677419348
2011-11-30,81.41366666666666,82.09433333333331,0.8296733333333333,5.07145,0.02124,3.9847566666666663,4.04436,3.975236666666667,12.00435333333333,673716.6666666666,684670.0,672733.3333333334,0.0,0.0,0.0,4983.333333333333,0.0,546.8333333333334,8242.683333333336,94542.51333333335,22430.510000000002,1404.4000000000008,1391.2700000000004,1377.0999999999992,0.0,0.0,8589.0,11.9,0.0,33.333333333333336,7536.964080000002,151.43899999999996
2011-12-31,81.1606451612903,82.31032258064518,0.8317290322580645,1.6194903225806452,0.38164516129032255,4.2053548387096775,5.453045161290324,4.420341935483871,14.078741935483873,694958.0645161291,907661.2903225806,732970.9677419355,0.6225806451612903,0.535483870967742,0.27741935483870966,4559.677419354839,0.0,521.6129032258065,8512.287096774195,94897.2451612903,22694.141935483876,1410.5935483870976,1395.422580645162,1378.861290322581,0.0,0.0,7576.0,14.0,4.161290322580645,0.0,7178.970661290324,150.41354838709682
2012-01-31,81.02161290322582,81.92548387096772,0.9087322580645162,1.4613290322580643,0.30111290322580647,3.3463258064516124,4.622035483870967,3.154403225806452,11.12276451612903,543374.1935483871,756325.8064516129,514000.0,0.0,1.461290322580645,0.24516129032258063,4480.645161290323,68.06451612903226,538.2258064516129,8775.883870967742,95239.71935483867,22963.71612903225,1413.9000000000008,1413.4193548387102,1383.9967741935475,0.0,0.0,7909.032258064516,11.064516129032258,12.290322580645162,0.0,6765.126093548385,149.19193548387096
2012-02-29,81.50827586206897,82.62068965517243,1.1434,1.095137931034483,0.6361965517241379,5.2487344827586195,6.467762068965519,5.306479310344827,17.022975862068968,837258.6206896552,1040117.2413793104,846724.1379310344,0.0,0.08620689655172414,0.0,4512.068965517241,2.7586206896551726,580.6896551724138,9000.117241379312,95550.97931034482,23186.203448275857,1413.9000000000008,1417.8758620689655,1385.0999999999992,0.0,0.0,8238.137931034482,16.96551724137931,19.03448275862069,0.0,6399.822306896552,148.07241379310346
2012-03-31,82.4941935483871,83.11903225806452,1.196764516129032,0.6967032258064516,1.528248387096774,6.785874193548387,7.489467741935487,6.7534290322580635,21.028770967741945,1051767.7419354839,1165225.8064516129,1047109.6774193548,0.0,0.0,0.0,4672.903225806452,0.0,602.7741935483871,9354.245161290324,95963.51935483872,23540.85806451613,1413.9000000000008,1418.9000000000008,1385.0999999999992,0.0,0.0,8833.838709677419,20.70967741935484,32.61290322580645,0.0,5765.535690322579,146.03419354838715
2012-04-30,83.262,83.82300000000002,1.145843333333333,0.2809933333333333,3.0535166666666664,8.614823333333334,9.114440000000002,8.672363333333335,26.401626666666665,1273223.3333333333,1348706.6666666667,1283356.6666666667,0.01,0.0,0.0,4934.0,21.333333333333332,619.0666666666667,9797.853333333334,96434.14666666665,23984.680000000008,1413.9133333333339,1418.9000000000008,1385.0999999999992,0.0,0.0,8480.966666666667,26.633333333333333,49.9,0.0,4968.966713333331,143.26033333333334
2012-05-31,82.2567741935484,83.07548387096774,0.8133774193548386,2.693861290322581,0.5918935483870968,6.449303225806452,7.149870967741937,6.384851612903225,19.98402580645162,905245.1612903225,1008258.0645161291,896216.1290322581,0.0,0.0,0.0,5050.645161290323,0.0,583.6129032258065,10260.825806451616,96949.4580645161,24443.983870967742,1414.0999999999992,1418.9000000000008,1385.0999999999992,0.0,0.0,7946.129032258064,20.29032258064516,70.16129032258064,0.0,4177.227841935485,140.23387096774192
2012-06-30,80.773,81.94833333333334,0.5678300000000001,30.904809999999994,0.0,3.6424333333333334,3.6367266666666667,3.65298,10.932139999999999,502720.0,504373.3333333333,506233.3333333333,0.0,0.0,0.0,4668.333333333333,0.0,572.7666666666667,10570.546666666667,97274.5,24751.420000000002,1414.0999999999992,1418.9000000000008,1385.0999999999992,0.0,0.0,6997.833333333333,10.85,73.5,0.0,4075.3950733333327,139.8153333333334
2012-07-31,81.65548387096771,82.48709677419356,0.5597612903225806,55.38106451612903,0.0,5.147119354838711,5.159577419354839,5.1620709677419345,15.468767741935482,753125.8064516129,754919.3548387097,756058.0645161291,0.0,0.0,0.0,4856.451612903225,5.161290322580645,555.8387096774194,10827.87419354839,97529.0612903226,25013.13548387097,1414.0999999999992,1418.9000000000008,1385.0999999999992,0.0,0.0,6750.935483870968,18.080645161290324,54.87096774193548,0.0,4820.564677419355,142.70967741935485
2012-08-31,84.42806451612903,84.7083870967742,0.7284967741935483,73.81627419354838,0.0,11.150987096774193,11.3008,11.218409677419354,33.670196774193556,1800806.4516129033,1826651.6129032257,1813625.8064516129,0.0,0.0,0.0,5005.1612903225805,0.0,573.516129032258,11354.980645161291,98059.83870967741,25543.325806451616,1414.0999999999992,1418.9000000000008,1385.0999999999992,0.0,0.0,7475.064516129032,35.67741935483871,16.35483870967742,0.0,6573.592016129034,148.59032258064514
2012-09-30,82.78,83.49966666666667,0.8797766666666668,53.23666000000001,0.0,7.9830700000000006,7.789246666666668,7.787419999999998,23.559736666666666,1342553.3333333333,1309740.0,1309323.3333333333,0.0,0.0,0.0,5189.666666666667,11.333333333333334,580.7333333333333,11957.653333333332,98654.75666666664,26144.786666666667,1414.0999999999992,1418.9000000000008,1385.0999999999992,0.0,0.0,8153.733333333334,23.766666666666666,1.6,0.0,7456.871249999999,151.20633333333328
2012-10-31,82.17451612903226,82.69290322580646,0.9927580645161289,19.134925806451616,0.0,0.426158064516129,7.786851612903226,7.588632258064516,15.801641935483868,71696.7741935484,1360300.0,1324283.8709677418,0.0,0.0,0.0,5665.806451612903,0.0,637.8709677419355,12192.748387096766,99096.51612903227,26584.670967741935,1414.0999999999992,1418.9000000000008,1385.0999999999992,0.0,0.0,8419.451612903225,16.93548387096774,0.0,90.3225806451613,7935.10332580645,152.5458064516129
2012-11-30,82.51433333333334,82.967,0.8400333333333332,5.9415700000000005,0.0,4.366333333333333,5.410926666666667,5.901936666666667,15.679196666666666,752153.3333333334,934210.0,1019773.3333333334,0.01,0.0,0.0,5790.666666666667,0.0,570.2,12276.243333333337,99535.57666666668,27052.103333333318,1414.0999999999992,1418.9000000000008,1385.0999999999992,0.0,0.0,8336.0,15.8,0.0,86.66666666666667,7703.215323333336,151.905
2012-12-31,81.49935483870968,82.25129032258066,0.8468516129032259,2.612199999999999,0.08156129032258065,4.9769096774193535,3.476970967741935,2.85493870967742,11.308819354838707,837400.0,582980.6451612903,476425.8064516129,0.08064516129032258,0.0,0.0,5686.774193548387,9.03225806451613,525.483870967742,12638.709677419352,99790.2806451613,27267.55483870967,1415.145161290323,1418.9000000000008,1385.0999999999992,0.0,0.0,8060.580645161291,11.225806451612904,0.8709677419354839,16.129032258064516,7407.436454838711,151.07161290322583
2013-01-31,81.2351612903226,81.92806451612906,0.9344483870967741,1.6852774193548385,0.4322838709677419,4.24621935483871,3.3451709677419355,3.1066677419354836,10.698058064516127,703077.4193548387,549712.9032258064,509909.67741935485,0.1,0.0,0.0,5262.258064516129,19.032258064516128,496.2258064516129,12949.85806451613,54828.39354838708,27468.070967741936,1416.3483870967734,1418.9000000000008,1385.0999999999992,0.0,0.0,7747.225806451613,10.64516129032258,6.096774193548387,0.0,7097.971393548387,150.1783870967742
2013-02-28,82.68071428571427,83.36,1.1688000000000003,1.0485142857142857,1.1051607142857143,7.573157142857143,7.076885714285714,6.982139285714287,21.632182142857143,1224782.142857143,1141732.142857143,1126914.2857142857,0.0,0.0,0.0,5358.214285714285,0.0,534.75,13276.52142857143,270.525,27745.17142857143,1416.5999999999992,1418.9000000000008,1385.0999999999992,0.0,0.0,8752.67857142857,21.553571428571427,14.892857142857142,0.0,6642.784446428572,148.8182142857143
2013-03-31,82.45193548387097,83.06161290322584,1.2253483870967743,1.1795161290322582,1.0815193548387099,6.580264516129033,5.931035483870969,5.907474193548385,18.418774193548384,1032212.9032258064,925500.0,922296.7741935484,0.0,0.0,0.0,5184.5161290322585,0.0,568.2903225806451,13710.570967741933,660.2129032258064,28137.39032258065,1416.5999999999992,1418.9000000000008,1385.0999999999992,0.0,0.0,9041.838709677419,18.29032258064516,28.35483870967742,0.0,5993.120454838708,146.78161290322583
2013-04-30,83.91433333333333,84.44933333333334,1.17342,0.41334666666666664,2.58116,10.282423333333334,9.936743333333332,9.754696666666666,29.973863333333327,1543253.3333333333,1490070.0,1462893.3333333333,0.17333333333333334,0.0,0.0,5349.0,0.0,539.8,14220.653333333332,1140.7233333333331,28613.763333333332,1417.8799999999999,1418.9000000000008,1385.0999999999992,0.0,0.0,8821.533333333333,29.733333333333334,46.8,0.0,5158.140066666668,143.94133333333335
2013-05-31,82.82064516129033,83.45645161290322,0.8262322580645161,0.3641032258064516,1.873867741935484,7.449096774193547,7.004206451612904,7.178719354838712,21.632022580645163,1054358.064516129,989845.1612903225,1015322.5806451613,0.0,0.0,0.0,5096.774193548387,0.0,522.1290322580645,14755.16451612903,1656.1387096774192,29121.448387096774,1419.0,1418.9000000000008,1385.0999999999992,0.0,0.0,8485.129032258064,21.451612903225808,67.64516129032258,0.0,4281.901612903226,140.6509677419355
2013-06-30,81.72266666666668,82.31166666666665,0.5485266666666667,11.116883333333334,0.12365333333333334,4.5058066666666665,3.611689999999999,3.593226666666667,11.710723333333332,618543.3333333334,492190.0,489396.6666666667,0.0,0.0,0.0,5157.333333333333,7.0,473.9,15112.386666666665,1971.9633333333336,29441.33999999999,1419.0,1418.9000000000008,1385.0999999999992,0.0,0.0,7311.1,11.666666666666666,78.7,0.0,3861.75369,138.93133333333333
2013-07-31,81.38967741935487,81.76967741935485,0.5061677419354839,55.07649677419355,0.0,3.009167741935484,2.458464516129032,2.760938709677419,8.228570967741934,417438.70967741933,339296.77419354836,382096.77419354836,0.0,0.0,0.06451612903225806,4909.354838709677,15.483870967741936,446.2258064516129,15339.800000000001,2143.6838709677413,29628.941935483872,1419.0,1418.9000000000008,1385.306451612903,0.0,0.0,6781.967741935484,8.370967741935484,72.09677419354838,0.0,4118.069448387097,139.96774193548387
2013-08-31,82.67290322580645,82.73290322580645,0.6820870967741934,47.96443548387097,0.0,5.78763870967742,5.260609677419354,5.0816838709677405,16.129932258064517,901029.0322580645,817180.6451612903,788274.1935483871,0.06774193548387097,0.0,0.0,5127.096774193548,28.70967741935484,428.7096774193548,15612.680645161292,2392.2161290322574,29872.222580645168,1419.145161290323,1418.9000000000008,1385.9000000000008,0.0,0.0,7107.677419354839,16.274193548387096,30.580645161290324,0.0,5885.069145161291,146.42483870967743
2013-09-30,82.47366666666666,82.89266666666664,0.8203033333333333,51.980749999999986,0.0,6.173216666666665,5.624219999999998,5.7487233333333325,17.54616,993956.6666666666,902873.3333333334,923366.6666666666,0.10333333333333333,0.0,0.0,5030.333333333333,0.0,437.56666666666666,16017.279999999999,2762.1099999999997,30239.27,1420.5433333333335,1418.9000000000008,1385.9000000000008,0.0,0.0,7557.933333333333,17.55,15.6,0.0,6612.536593333334,148.71366666666665
2013-10-31,81.6183870967742,82.46870967741934,0.9616258064516129,20.68840322580645,0.0,4.882532258064516,4.550635483870967,4.6310419354838706,14.064209677419356,815400.0,757803.2258064516,773712.9032258064,0.0,0.0,0.0,5432.903225806452,0.0,476.48387096774195,16357.525806451613,3069.9903225806456,30550.509677419355,1421.1999999999996,1418.9000000000008,1385.9000000000008,0.0,0.0,8088.612903225807,13.96774193548387,0.0,0.0,7501.209522580644,151.33838709677417
2013-11-30,81.02699999999999,81.66,0.8258433333333333,6.415873333333333,0.0,2.8189033333333335,2.792916666666666,2.445663333333334,8.057483333333332,469023.3333333333,465290.0,408140.0,0.02333333333333333,0.11333333333333333,0.043333333333333335,5550.666666666667,27.666666666666668,482.8,16623.34,3332.853333333333,30778.376666666663,1421.546666666666,1419.4599999999996,1385.933333333334,0.0,0.0,7934.066666666667,8.0,0.0,30.0,7475.800340000002,151.26666666666668
2013-12-31,80.86225806451611,81.6364516129032,0.8414419354838708,2.490651612903226,0.3497064516129032,2.5599677419354836,2.5981516129032256,2.887396774193548,8.045516129032258,423022.5806451613,431980.6451612903,480616.12903225806,0.46774193548387094,0.43548387096774194,0.06774193548387097,4993.870967741936,0.0,467.03225806451616,16798.803225806456,3507.7612903225804,30983.835483870975,1422.0,1420.4967741935482,1387.3677419354847,0.0,0.0,6977.258064516129,8.0,1.8387096774193548,0.0,7324.934419354838,150.83612903225804
2014-01-31,81.64258064516127,82.9606451612903,0.9229709677419353,1.2208387096774191,0.7790774193548387,6.027616129032258,5.991390322580645,5.998509677419356,18.017516129032256,986661.2903225806,981164.5161290322,983041.9354838709,1.3451612903225807,0.35806451612903223,1.2258064516129032,4710.967741935484,2.5806451612903225,456.2258064516129,17072.416129032255,3781.048387096774,31260.890322580653,1445.3387096774188,1427.896774193549,1404.8548387096773,0.0,0.0,7460.5161290322585,17.93548387096774,9.0,0.0,6949.06157096774,149.73774193548385
2014-02-28,82.08642857142857,83.16857142857141,1.1378392857142856,0.8078964285714286,0.8722714285714288,6.597589285714286,6.622275000000001,6.6110678571428565,19.830932142857144,1053825.0,1057814.2857142857,1055492.857142857,0.0,0.0,0.28928571428571426,5382.857142857143,0.0,477.39285714285717,17459.721428571425,4163.653571428571,31642.274999999998,1447.7,1430.9000000000008,1407.3535714285713,0.0,0.0,8723.142857142857,19.714285714285715,20.892857142857142,0.0,6347.762003571427,147.90964285714287
2014-03-31,82.39935483870968,83.11548387096774,1.1889774193548386,0.7704483870967742,1.5089516129032259,6.578329032258065,6.583796774193549,6.600570967741935,19.762696774193543,1012493.5483870967,1013441.9354838709,1015980.6451612903,0.07741935483870968,0.23870967741935484,0.0,5381.612903225807,0.0,488.16129032258067,17827.1935483871,4533.954838709678,32013.106451612904,1448.6580645161296,1432.6548387096782,1408.6999999999996,0.0,0.0,8988.161290322581,19.612903225806452,34.645161290322584,0.0,5704.173458064517,145.83096774193547
2014-04-30,82.70133333333332,83.16466666666666,1.1579000000000004,0.5072733333333334,1.1243166666666666,6.576833333333334,6.500053333333335,6.553546666666665,19.630433333333333,975440.0,964900.0,972670.0,0.3466666666666667,0.27999999999999997,0.31666666666666665,5779.0,4.333333333333333,572.4,18205.180000000004,4912.776666666667,32390.086666666662,1451.6333333333337,1436.3833333333323,1411.5999999999997,0.0,0.0,9165.4,19.466666666666665,49.3,0.0,5047.98785,143.558
2014-05-31,81.87354838709679,82.89612903225809,0.8448096774193549,0.27284193548387103,0.7837741935483871,5.818780645161291,5.771177419354839,5.842103225806452,17.43206129032258,829406.4516129033,823677.4193548387,834106.4516129033,0.0,0.0,0.0,5816.129032258064,0.0,538.2258064516129,18581.54516129032,5288.406451612903,32767.838709677417,1453.8000000000004,1438.0999999999992,1413.1999999999996,0.0,0.0,8887.258064516129,17.29032258064516,64.06451612903226,0.0,4433.056890322581,141.25290322580642
2014-06-30,81.53099999999999,82.59633333333336,0.5589333333333335,6.269416666666668,0.18813666666666667,5.065556666666668,4.992329999999999,5.004859999999999,15.062746666666667,694363.3333333334,685036.6666666666,687216.6666666666,0.03666666666666667,0.0,0.05333333333333334,5714.0,0.0,480.76666666666665,18909.503333333338,5617.703333333335,33095.53,1454.3000000000002,1438.0999999999992,1413.4566666666676,0.0,0.0,7343.733333333334,14.933333333333334,75.5,0.0,3974.8074700000006,139.40799999999996
2014-07-31,81.84032258064515,82.47290322580646,0.49403225806451606,21.647893548387096,0.0,4.5309451612903215,4.544629032258065,4.505999999999999,13.581574193548384,623916.1290322581,624083.8709677419,619709.6774193548,0.0,0.0,0.0,5369.677419354839,14.193548387096774,467.16129032258067,19180.77419354839,5887.145161290323,33364.558064516124,1454.3000000000004,1438.0999999999992,1413.9000000000008,0.0,0.0,6988.903225806452,13.483870967741936,75.19354838709677,0.0,3960.8333838709673,139.34838709677416
2014-08-31,82.20129032258065,82.56612903225806,0.5710096774193548,30.27516451612903,0.0,4.61491935483871,4.599209677419356,4.644803225806453,13.858932258064511,654061.2903225806,652861.2903225806,659683.8709677419,0.14516129032258066,0.0,0.0,5201.935483870968,0.0,471.93548387096774,19487.91290322581,6196.564516129031,33675.45483870968,1455.6548387096782,1438.0999999999992,1413.9000000000008,0.0,0.0,6958.774193548387,13.838709677419354,64.25806451612904,0.0,4437.974387096773,141.27451612903226
2014-09-30,81.34533333333334,81.71333333333335,0.6915333333333333,30.799146666666662,0.0,2.780263333333333,2.7122099999999993,2.7593066666666664,8.25178,408876.6666666667,398050.0,406643.3333333333,0.0,0.0,0.0,4669.666666666667,0.0,473.1,19709.70333333333,6418.293333333333,33896.31333333333,1456.4000000000008,1438.0999999999992,1413.9000000000008,0.0,0.0,6743.1,8.266666666666667,50.5,0.0,5001.250713333333,143.38766666666666
2014-10-31,81.13677419354839,81.7358064516129,0.7879612903225804,13.433332258064514,0.0,2.755929032258064,2.8311129032258067,2.797993548387096,8.38503548387097,413754.8387096774,424364.51612903224,419638.70967741933,0.0,0.0,0.0,4807.419354838709,0.0,472.80645161290323,19899.53225806452,6607.229032258064,34084.17419354838,1456.4000000000008,1438.0999999999992,1413.9000000000008,0.0,0.0,7020.903225806452,8.387096774193548,42.193548387096776,0.0,5368.791680645163,144.69806451612905
2014-11-30,81.29333333333335,81.68433333333336,0.6771699999999999,5.870463333333333,0.0,2.7317933333333344,2.6807833333333333,2.7550700000000004,8.167646666666668,412256.6666666667,403053.3333333333,415250.0,0.0,0.9733333333333333,0.0,5182.333333333333,29.0,462.5,20100.653333333332,6778.430000000001,34281.926666666666,1456.4000000000008,1439.7999999999993,1413.9000000000008,0.0,0.0,6808.2,8.133333333333333,42.1,23.866666666666667,5358.285433333332,144.6616666666667
2014-12-31,80.76064516129034,81.2225806451613,0.6892129032258063,2.3522935483870966,0.0,1.675561290322581,1.7331032258064518,1.6503645161290323,5.059029032258064,249709.67741935485,259977.4193548387,247780.64516129033,0.06774193548387097,0.31612903225806455,0.0032258064516129032,4714.8387096774195,57.096774193548384,455.80645161290323,20235.470967741934,6943.14516129032,34421.36129032258,1456.9322580645164,1442.2096774193549,1413.906451612904,0.0,0.0,7181.354838709677,5.0,45.0,0.0,5250.314403225806,144.28483870967742
2015-01-31,80.89709677419353,81.48193548387098,0.7658290322580645,1.889161290322581,0.22697096774193545,2.2382645161290324,2.211722580645161,2.21878064516129,6.668767741935483,333167.7419354839,329235.48387096776,329187.0967741936,1.1129032258064515,0.12580645161290321,1.167741935483871,4803.870967741936,14.516129032258064,416.6774193548387,20366.600000000002,7075.167741935484,34553.73548387097,1474.4354838709678,1445.9483870967742,1431.5,0.0,0.0,6819.322580645161,6.612903225806452,48.0,0.0,5106.489432258066,143.7748387096774
2015-02-28,80.97285714285714,81.48892857142856,0.9714321428571429,1.0683142857142855,0.09745714285714288,2.3643714285714283,2.3165249999999995,2.337753571428571,7.01865,346153.5714285714,339382.14285714284,342425.0,0.0,0.0,0.0,4800.357142857143,0.0,441.25,20516.30357142857,7223.553571428571,34700.82500000001,1475.0,1447.0999999999992,1431.5,0.0,0.0,7363.535714285715,6.928571428571429,52.392857142857146,0.0,4913.030653571427,143.07464285714286
2015-03-31,81.48,81.9090322580645,1.045938709677419,1.4330548387096775,0.3010741935483871,3.430141935483871,3.5113483870967745,3.445625806451614,10.387116129032258,494890.32258064515,506661.29032258067,497058.06451612903,0.0,0.0,0.06451612903225806,5282.903225806452,0.0,574.6129032258065,20689.625806451615,7397.822580645161,34873.2935483871,1475.0,1447.0999999999992,1431.758064516129,0.0,0.0,8920.09677419355,10.290322580645162,58.54838709677419,0.0,4656.597470967741,142.11741935483872
2015-04-30,81.39766666666668,82.11966666666667,1.0457100000000001,0.7031833333333334,0.9494999999999999,3.7262199999999996,3.691893333333332,3.7070233333333333,11.125136666666663,525926.6666666666,522100.0,524030.0,0.8933333333333333,0.0,0.53,5208.666666666667,47.333333333333336,479.1666666666667,20916.379999999997,7623.570000000002,35100.270000000004,1483.3033333333337,1447.0999999999992,1436.3166666666662,0.0,0.0,8540.566666666668,11.033333333333333,67.2,0.0,4302.903803333333,140.74433333333334
2015-05-31,81.82032258064515,82.09161290322581,0.783567741935484,2.0314032258064514,0.6476225806451613,3.7231903225806455,3.746322580645162,3.739551612903227,11.209064516129033,509222.5806451613,511606.4516129032,511416.12903225806,0.3290322580645161,0.054838709677419356,0.1709677419354839,5244.5161290322585,0.0,505.96774193548384,21140.480645161286,7847.88064516129,35326.52580645162,1492.65806451613,1447.393548387097,1442.0516129032253,0.0,0.0,8092.903225806452,11.161290322580646,76.16129032258064,0.0,3941.1380999999988,139.2654838709677
2015-06-30,81.997,82.23799999999997,0.5287400000000001,13.500223333333334,0.45854333333333325,4.234403333333334,4.217440000000001,4.138366666666666,12.590210000000003,567600.0,565786.6666666666,555230.0,0.07333333333333333,0.0,0.07333333333333333,4775.0,2.0,505.6666666666667,21379.29666666667,8087.463333333333,35564.19666666666,1494.159999999999,1447.8000000000002,1443.3666666666663,0.0,0.0,7584.933333333333,12.566666666666666,83.9,0.0,3653.610773333333,138.02500000000003
2015-07-31,82.0174193548387,82.78354838709679,0.49520322580645154,30.089622580645162,0.0,5.64041935483871,5.653503225806452,5.713154838709679,17.007077419354836,776380.6451612903,778596.7741935484,787648.3870967742,0.0,0.08387096774193549,0.0,4934.5161290322585,34.83870967741935,516.7741935483871,21659.37096774194,8367.193548387097,35844.88064516129,1494.6999999999994,1448.580645161291,1443.6999999999996,0.0,0.0,6849.4838709677415,16.967741935483872,75.29032258064517,0.0,3975.698870967742,139.40935483870967
2015-08-31,82.59709677419356,82.68387096774192,0.5762935483870967,37.614064516129034,0.0,5.413303225806452,5.394635483870967,5.380858064516129,16.188796774193552,771967.7419354839,770880.6451612903,768890.3225806452,0.0,0.0,0.03225806451612903,5163.870967741936,0.0,515.1612903225806,22028.003225806453,8734.948387096772,36212.15483870968,1494.6999999999994,1448.9000000000008,1443.7967741935481,0.0,0.0,6634.548387096775,16.322580645161292,62.32258064516129,0.0,4502.654170967743,141.5235483870968
2015-09-30,82.173,82.23400000000001,0.6960466666666666,28.36635333333333,0.0,4.140926666666666,4.188376666666667,4.146776666666666,12.476079999999996,609460.0,616503.3333333334,610873.3333333334,0.0,0.0,0.0,5016.666666666667,0.0,547.8,22348.50666666667,9056.833333333332,36534.28333333333,1494.6999999999996,1448.9000000000008,1444.1999999999998,0.0,0.0,7116.5,12.466666666666667,49.3,0.0,5050.989706666665,143.57233333333338
2015-10-31,81.72032258064515,82.0151612903226,0.8012387096774193,20.907906451612902,0.0,3.598351612903226,3.6293129032258062,3.6885774193548384,10.916241935483871,544770.9677419355,549367.7419354839,559854.8387096775,0.0,0.0,0.35806451612903223,4832.258064516129,0.0,559.2903225806451,22586.32903225806,9293.167741935487,36771.98709677421,1494.6999999999994,1448.9000000000008,1449.2516129032258,0.0,0.0,7112.419354838709,10.903225806451612,38.12903225806452,0.0,5515.494435483872,145.20032258064515
2015-11-30,82.08600000000003,82.21133333333336,0.68571,5.504353333333333,0.12198333333333333,3.7112233333333333,4.268533333333333,4.108923333333334,12.08868,561576.6666666666,648343.3333333334,623106.6666666666,0.0,0.0,0.14333333333333334,5171.0,4.666666666666667,520.0666666666667,22819.819999999996,9572.95,37046.56333333333,1494.6999999999996,1448.9000000000008,1450.823333333334,0.0,0.0,7601.733333333334,12.0,40.0,23.333333333333332,5467.1996266666665,145.03633333333335
2015-12-31,81.08774193548388,81.67806451612903,0.6901064516129032,2.8133064516129034,0.0,2.9575548387096777,2.5548483870967735,2.584829032258065,8.097232258064516,443667.7419354839,383387.0967741936,386070.96774193546,1.229032258064516,0.21935483870967742,0.08064516129032258,4787.741935483871,77.41935483870968,461.9032258064516,23064.158064516127,9780.106451612903,37256.977419354844,1502.36129032258,1451.3000000000002,1452.5580645161285,0.0,0.0,7198.1612903225805,8.064516129032258,44.12903225806452,0.0,5261.369032258063,144.32322580645163
2016-01-31,81.19032258064516,81.71645161290323,0.7582258064516129,1.2286290322580646,0.26991290322580647,2.9643032258064514,2.9883903225806456,3.0035580645161293,8.956251612903223,439564.51612903224,441590.32258064515,444977.4193548387,0.0,0.1935483870967742,0.0,4463.870967741936,16.774193548387096,452.03225806451616,23255.78387096775,9963.306451612905,37439.132258064514,1504.1999999999994,1452.5419354838716,1453.0999999999992,0.0,0.0,7524.290322580645,8.903225806451612,49.935483870967744,0.0,5027.250758064516,143.4893548387097
2016-02-29,81.22344827586208,81.76758620689658,0.9502655172413792,1.1963793103448277,0.41040689655172413,2.998727586206897,2.9175482758620688,3.1371586206896565,9.05343448275862,437648.275862069,424727.5862068966,458955.1724137931,0.0,0.20689655172413793,0.0,4473.103448275862,0.0,502.2068965517241,23442.13448275862,10149.368965517242,37629.11724137931,1504.1999999999996,1457.0206896551715,1453.0999999999992,0.0,0.0,8118.413793103448,9.0,56.37931034482759,0.0,4748.895634482759,142.46586206896552
2016-03-31,81.45645161290321,81.87387096774191,1.0166870967741937,0.7847838709677419,0.8220451612903226,3.147470967741936,3.174322580645162,3.568945161290323,9.890738709677422,446058.06451612903,450003.22580645164,508267.7419354839,0.0,0.0,0.0,4690.322580645161,1.935483870967742,560.8064516129032,23629.31935483871,10339.554838709675,37831.77741935483,1504.1999999999994,1457.5999999999992,1453.0999999999992,0.0,0.0,9042.09677419355,9.774193548387096,63.483870967741936,0.0,4453.5282161290315,141.33741935483872
2016-04-30,82.07933333333331,81.92133333333331,1.0144733333333333,0.24101,1.0855466666666669,2.9832200000000006,3.2444666666666664,3.8682000000000003,10.095886666666667,411360.0,448406.6666666667,538526.6666666666,0.0,0.02666666666666667,0.05333333333333334,4713.333333333333,0.0,580.6666666666666,23814.466666666667,10529.993333333334,38062.293333333335,1504.1999999999996,1457.8600000000008,1453.5133333333326,0.0,0.0,9675.3,10.0,72.2,0.0,4103.661206666667,139.94
2016-05-31,82.12806451612904,81.89903225806451,0.7596096774193548,1.9261838709677421,0.5647870967741935,3.038132258064516,2.842722580645161,4.190809677419355,10.071664516129033,407003.22580645164,379809.67741935485,568090.3225806452,0.0,0.0,0.02258064516129032,4894.5161290322585,0.0,547.3225806451613,24001.25483870968,10711.622580645162,38309.24193548387,1504.1999999999994,1457.9000000000008,1453.8161290322582,0.0,0.0,8838.709677419354,10.0,81.19354838709677,0.0,3758.9025677419363,138.4870967741935
2016-06-30,81.59533333333334,81.80166666666666,0.5235,7.880216666666666,0.02218,2.641293333333333,2.613893333333334,3.8720566666666665,9.127243333333334,347910.0,345016.6666666667,516536.6666666667,0.0,0.0,0.0,4980.666666666667,0.0,488.4,24175.12666666667,10884.746666666668,38561.403333333335,1504.1999999999996,1457.9000000000008,1454.0999999999992,0.0,0.0,7215.966666666666,9.066666666666666,85.6,0.0,3598.84575,137.78466666666665
2016-07-31,81.65419354838708,81.67999999999999,0.47532903225806444,17.329019354838703,0.0,2.321322580645161,2.346825806451614,3.7899967741935483,8.458145161290323,309580.6451612903,313790.32258064515,513709.67741935485,0.0,0.0,0.0,5046.774193548387,20.0,477.96774193548384,24325.048387096776,11035.567741935485,38796.90645161291,1504.1999999999994,1457.9000000000008,1454.0999999999992,0.0,0.0,7432.064516129032,8.419354838709678,81.87096774193549,0.0,3734.549596774194,138.38129032258064
2016-08-31,82.06451612903228,81.82387096774194,0.554932258064516,35.615580645161295,0.0,2.7906419354838703,2.8384290322580643,3.9390451612903226,9.568116129032258,387941.93548387097,396280.6451612903,556303.2258064516,0.0,0.0,0.02258064516129032,5127.419354838709,0.6451612903225806,470.7741935483871,24488.487096774195,11196.706451612901,39049.3,1504.1999999999994,1457.9000000000008,1454.3032258064527,0.0,0.0,7056.258064516129,9.580645161290322,68.61290322580645,0.0,4248.196500000001,140.50161290322583
2016-09-30,81.87766666666666,81.49733333333334,0.6786999999999999,25.4967,0.0,3.3503866666666666,3.45804,0.32041,7.128836666666667,498116.6666666667,513073.3333333333,46833.333333333336,0.0,0.33,0.0,5248.333333333333,141.0,633.0333333333333,24698.359999999997,11427.876666666669,39197.03666666667,1504.1999999999996,1461.6599999999992,1454.4000000000008,0.0,0.0,7536.333333333333,7.1,53.9,0.0,4856.574766666667,142.86233333333337
2016-10-31,80.95064516129031,80.89193548387097,0.7999290322580644,22.23963548387097,0.0,1.68571935483871,1.6332225806451612,0.0,3.31894193548387,258177.4193548387,251916.12903225806,0.0,0.0,0.0,0.0,5227.419354838709,0.3225806451612903,523.6129032258065,24840.85806451613,11554.483870967739,39197.399999999994,1504.1999999999994,1462.5999999999992,1454.4000000000008,0.0,0.0,7656.645161290323,3.2580645161290325,38.903225806451616,0.0,5502.134058064516,145.1512903225806
2016-11-30,80.99066666666667,81.07666666666664,0.7112866666666667,8.454690000000003,0.0,2.139866666666667,2.2806766666666665,0.0,4.420543333333332,330006.6666666667,355223.3333333333,0.0,0.0,0.0,0.0,5041.666666666667,0.0,513.4333333333333,24966.789999999997,11676.433333333336,39197.4,1504.1999999999996,1462.5999999999992,1454.4000000000008,0.0,0.0,7477.133333333333,4.4,33.0,0.0,5802.446306666667,146.16366666666661
2016-12-31,81.07483870967741,81.29322580645162,0.7313064516129033,2.843541935483871,0.03211935483870968,2.8895096774193547,2.890512903225806,0.0,5.780022580645161,449496.77419354836,449348.3870967742,0.0,0.4419354838709677,1.4387096774193546,0.0,5053.225806451613,179.3548387096774,473.80645161290323,25145.509677419355,11859.070967741936,39197.399999999994,1504.4161290322577,1473.170967741935,1454.4000000000008,0.0,0.0,7658.709677419355,5.709677419354839,33.0,0.0,5777.321709677421,146.08064516129036
2017-01-31,81.59161290322582,81.97612903225806,0.8082999999999998,1.877758064516129,0.3842387096774193,4.918629032258064,4.98496129032258,0.11386129032258065,10.017451612903226,760832.2580645161,773383.8709677419,16509.677419354837,0.0,0.2774193548387097,0.0,5069.354838709677,0.3225806451612903,463.35483870967744,25416.919354838712,12126.616129032256,39197.399999999994,1510.9000000000008,1485.5935483870971,1454.4000000000008,0.0,0.0,7723.0,9.935483870967742,37.645161290322584,0.0,5566.500703225807,145.3738709677419
2017-02-28,81.79928571428574,82.06392857142855,1.014342857142857,1.0994321428571427,0.6209821428571428,4.273707142857142,4.4356035714285715,2.053525,10.762835714285714,649282.1428571428,674364.2857142857,311285.71428571426,0.8357142857142856,0.7964285714285715,0.05357142857142857,4985.714285714285,37.142857142857146,470.89285714285717,25702.460714285717,12421.789285714285,32203.73571428573,1520.8999999999992,1496.6357142857153,1454.4000000000008,0.0,0.0,8655.214285714286,10.678571428571429,44.57142857142857,0.0,5258.951971428572,144.3135714285714
2017-03-31,82.17548387096774,82.21870967741933,1.0773032258064514,0.7180483870967742,0.9471516129032258,4.193267741935483,4.247312903225806,4.451641935483872,12.892222580645159,613948.3870967742,622974.1935483871,655241.9354838709,0.0,0.0,0.0,5082.903225806452,0.3225806451612903,530.8064516129032,25955.783870967738,12688.080645161292,203.4451612903226,1522.0999999999992,1499.3000000000006,1454.4000000000008,0.0,0.0,10024.612903225807,12.774193548387096,53.225806451612904,0.0,4875.077132258066,142.93193548387094
2017-04-30,82.33600000000001,82.22333333333331,1.0701633333333334,1.3658833333333333,0.6922,4.158653333333334,4.09012,4.56011,12.808883333333329,592016.6666666666,582673.3333333334,650930.0,0.0,0.12333333333333334,0.0,4991.0,0.0,539.2,26217.059999999998,12943.783333333335,484.25333333333333,1522.0999999999992,1500.8466666666675,1454.4000000000008,0.0,0.0,8155.0,13.0,63.4,0.0,4463.135163333333,141.37366666666668
2017-05-31,82.00709677419354,81.93032258064518,0.8040354838709679,4.048493548387097,0.5745225806451613,3.310993548387097,3.2479774193548385,4.105648387096774,10.66461935483871,458096.77419354836,448877.4193548387,572816.1290322581,0.0,0.0,0.05806451612903226,5172.580645161291,0.0,530.7741935483871,26463.19032258064,13183.190322580645,766.3741935483872,1522.0999999999992,1500.9000000000008,141.38064516129018,0.0,0.0,7835.741935483871,10.516129032258064,72.29032258064517,0.0,4100.7952645161295,139.93032258064517
2017-06-30,81.58266666666665,81.44599999999998,0.5693900000000002,11.680336666666669,0.0,1.6563199999999998,1.9337000000000002,3.061736666666667,6.651756666666666,227646.66666666666,267970.0,428420.0,0.0,0.0,0.0,5174.0,0.0,488.43333333333334,26600.229999999992,13323.203333333335,973.6466666666664,1522.0999999999992,1500.9000000000008,0.6999999999999996,0.0,0.0,7996.666666666667,6.6,72.9,0.0,4090.146476666667,139.88700000000006
2017-07-31,82.13032258064517,81.5267741935484,0.5362290322580645,44.471251612903224,0.0,1.9713612903225803,2.3581,3.1113806451612898,7.44084193548387,277864.51612903224,334832.2580645161,444135.48387096776,0.0,0.0,0.2967741935483871,5198.064516129032,32.903225806451616,462.96774193548384,26718.499999999996,13465.632258064512,1185.9967741935477,1522.0999999999992,1500.9000000000008,1.2999999999999996,0.0,0.0,6348.5161290322585,7.387096774193548,62.32258064516129,0.0,4506.215151612903,141.50774193548386
2017-08-31,82.9951612903226,81.79225806451613,0.6734967741935485,39.649387096774184,0.0,2.655877419354839,3.5265612903225807,3.410725806451613,9.593164516129033,406138.70967741933,543596.7741935484,523806.4516129032,0.0,0.0,0.0,5121.935483870968,0.0,465.80645161290323,26866.058064516124,13656.958064516128,1391.8548387096773,1522.0999999999992,1500.9000000000008,4.299999999999999,0.0,0.0,7420.451612903225,9.612903225806452,33.29032258064516,0.0,5763.335012903225,146.0251612903226
2017-09-30,82.07766666666666,81.86033333333333,0.8069766666666667,23.01568333333333,0.0,4.697806666666668,0.07338666666666667,4.914863333333333,9.686056666666667,762036.6666666666,11340.0,797413.3333333334,0.0,0.0,0.0,5192.0,0.3333333333333333,477.5,27096.456666666665,13780.700000000008,1655.0866666666666,1522.0999999999992,1500.9000000000008,4.299999999999998,0.0,0.0,7697.766666666666,9.6,19.5,0.0,6425.970766666667,148.156
2017-10-31,81.73225806451613,81.24032258064517,0.9137999999999998,22.109274193548384,0.0,2.644096774193548,0.0,2.9349741935483866,5.579070967741934,433529.03225806454,0.0,480709.67741935485,0.0,0.0,0.0,4964.5161290322585,0.0,472.3225806451613,27333.058064516135,13780.700000000008,1906.358064516129,1522.0999999999992,1500.9000000000008,4.299999999999999,0.0,0.0,7131.1612903225805,5.516129032258065,10.35483870967742,0.0,6866.779293548386,149.49419354838713
2017-11-30,82.05333333333333,81.73833333333333,0.7959099999999999,6.465533333333334,0.0,4.21758,0.0,4.621386666666667,8.838966666666668,701703.3333333334,0.0,769160.0,0.0,0.0,0.0,4920.0,0.0,436.8666666666667,27560.853333333336,13780.700000000008,2156.2133333333336,1522.0999999999992,1500.9000000000008,4.299999999999998,0.0,0.0,7146.3,8.8,7.8,0.0,7010.919576666665,149.92400000000004
2017-12-31,81.43290322580643,81.58032258064516,0.8104677419354839,2.3362645161290327,0.25863548387096774,3.364645161290322,0.0,4.0700677419354845,7.434712903225805,551593.5483870967,0.0,670438.7096774194,0.0,0.0,0.5225806451612903,4812.258064516129,0.3225806451612903,407.4193548387097,27800.44516129032,13780.700000000008,2438.38064516129,1522.0999999999992,1500.9000000000008,5.532258064516127,0.0,0.0,6940.193548387097,7.387096774193548,10.451612903225806,0.0,6864.615151612903,149.49032258064514
2018-01-31,81.75806451612905,81.92709677419356,0.8994806451612902,2.1317129032258064,0.3240645161290323,4.490493548387097,0.034525806451612906,4.969583870967742,9.494603225806452,729319.3548387097,5567.741935483871,808919.3548387097,0.0,0.0,2.2419354838709675,5122.580645161291,0.0,419.2258064516129,28055.00322580645,13336.364516129039,2735.4612903225807,1522.0999999999992,1500.9000000000008,35.31935483870967,0.0,0.0,7853.387096774193,9.451612903225806,14.806451612903226,0.0,6647.878409677418,148.8377419354839
2018-02-28,82.23321428571428,82.41535714285716,1.1339249999999998,1.2914714285714284,0.5976571428571429,5.301392857142858,3.1296178571428572,5.35457857142857,13.785589285714284,848550.0,497828.5714285714,856942.8571428572,0.0,0.0,1.5892857142857142,4967.857142857143,7.857142857142857,437.7142857142857,28380.289285714283,53.285714285714285,3078.453571428571,1522.0999999999992,1500.9000000000008,59.153571428571404,0.0,0.0,7754.571428571428,13.714285714285714,21.642857142857142,0.0,6310.1357285714275,147.79428571428573
2018-03-31,83.20032258064516,82.94870967741934,1.1996451612903227,0.9629516129032257,1.4066935483870964,5.643193548387098,6.1500161290322595,6.099496774193549,17.892706451612902,871525.8064516129,951722.5806451613,943496.7741935484,0.0,0.0,0.0,4520.0,0.0,476.3225806451613,28713.029032258062,376.33548387096766,3430.4806451612903,1522.0999999999992,871.4903225806454,62.099999999999966,0.0,0.0,9481.193548387097,17.677419354838708,32.806451612903224,0.0,5787.6200064516115,146.1093548387097
2018-04-30,83.20966666666666,82.84966666666665,1.1811133333333332,1.1094833333333336,1.4561933333333335,5.463593333333334,5.915933333333333,5.8885466666666675,17.268073333333337,817850.0,886236.6666666666,883530.0,0.0,0.0,0.0,5058.333333333333,0.0,488.23333333333335,29056.760000000002,744.3933333333332,3794.8266666666673,1522.0999999999992,0.0,62.09999999999997,0.0,0.0,8359.000000000333,17.2,45.6,0.0,5207.83974,144.12966666666668
2018-05-31,82.69225806451611,82.07580645161292,0.884432258064516,2.466141935483871,0.3530129032258064,3.628683870967743,3.8710709677419355,4.011945161290322,11.511700000000001,525603.2258064516,561719.3548387097,584670.9677419355,0.0,0.0,0.0,5087.419354838709,1.6129032258064515,490.35483870967744,29344.319354838706,1051.558064516129,4108.819354838709,1522.0999999999992,0.0,62.099999999999966,0.0,0.0,7774.5161290322585,11.419354838709678,56.03225806451613,0.0,4762.17790967742,142.5151612903226
2018-06-30,82.79866666666663,82.09166666666665,0.63781,31.386329999999994,0.0,3.15849,3.9321099999999998,3.747876666666667,10.838476666666669,460796.6666666667,577826.6666666666,548726.6666666666,0.0,0.0,0.08333333333333333,5004.0,0.0,429.3666666666667,29564.613333333327,1301.103333333333,4353.376666666667,1522.0999999999992,0.0,62.79999999999997,0.0,0.0,7610.833333333333,10.8,52.9,0.0,4889.055446666665,142.96999999999997
2018-07-31,84.1667741935484,83.01612903225805,0.6335806451612903,83.33822258064517,0.0,5.71742258064516,6.071045161290322,5.964683870967742,17.753151612903228,888180.6451612903,948051.6129032258,927616.1290322581,0.0,0.0,0.0,5127.096774193548,12.903225806451612,405.2903225806452,29840.22580645162,1608.7387096774196,4656.151612903225,1522.0999999999992,0.0,63.099999999999966,0.0,0.0,6724.193548387742,17.838709677419356,30.774193548387096,0.0,5889.260664516128,146.37806451612903
2018-08-31,85.99870967741937,86.01161290322584,0.8055129032258067,80.8937935483871,0.0,13.599829032258066,13.671906451612905,13.60720322580645,40.87893870967742,2305903.2258064514,2317954.8387096776,2306854.8387096776,0.0,0.0,0.0,5328.387096774193,0.0,409.03225806451616,30436.412903225784,2224.6999999999985,5262.806451612903,1522.0999999999992,0.0,63.099999999999966,2.873832258064516,0.0,7164.5161290322585,44.645161290322584,0.0967741935483871,0.0,7820.039187096774,152.2190322580645
2018-09-30,86.41300000000001,86.35300000000001,0.9308733333333333,37.82559666666667,0.0,13.451026666666666,13.540766666666666,13.560706666666666,40.5525,2310706.6666666665,2326203.3333333335,2329950.0,0.0,0.0,0.0,5385.666666666667,0.0,435.2,31166.399999999983,2954.8499999999985,5992.943333333334,1522.0999999999992,0.0,63.09999999999997,10.549750000000001,0.0,6976.5,51.7,0.0,0.0,8239.376536666667,153.36700000000005
2018-10-31,83.75064516129034,82.75387096774192,0.9880935483870965,13.30308709677419,0.06822903225806451,5.100254838709679,5.827112903225808,5.654603225806452,16.581970967741935,867461.2903225806,997400.0,966790.3225806452,0.0,0.0,0.0,5447.741935483871,0.3225806451612903,478.258064516129,31675.45806451613,3497.574193548387,6527.493548387097,1522.0999999999992,0.0,63.099999999999966,0.0,0.0,6868.870967741936,16.580645161290324,0.0,0.0,7869.04232580645,152.36451612903227
2018-11-30,83.40266666666666,82.379,0.8379366666666667,4.855513333333335,0.05606,1.7737233333333335,5.492033333333335,5.403606666666667,12.669363333333333,299023.3333333333,937263.3333333334,922023.3333333334,0.0,0.38999999999999996,0.0,5379.666666666667,0.0,593.3666666666667,31909.343333333312,3814.386666666666,6840.139999999999,1522.0999999999992,3.4566666666666683,63.09999999999997,0.0,0.0,6671.733333333334,12.666666666666666,0.0,56.666666666666664,7669.384110000001,151.81066666666666
2018-12-31,82.58419354838708,82.13451612903226,0.8449290322580644,2.573845161290323,0.10588064516129032,0.0,5.420806451612902,5.021116129032259,10.441922580645162,0.0,917732.2580645161,849883.8709677419,0.0,1.9451612903225806,0.42903225806451617,5181.612903225807,0.3225806451612903,423.4516129032258,31935.199999999983,4167.932258064517,7178.7774193548385,1522.0999999999992,10.01290322580645,64.9516129032258,0.0,0.0,6780.0,10.451612903225806,1.2580645161290323,100.0,7378.130296774195,150.98806451612901
2019-01-31,82.79387096774192,82.21451612903228,0.9344870967741938,1.6484838709677418,0.345883870967742,0.0,5.459899999999998,5.390674193548386,10.850574193548388,0.0,912996.7741935484,901935.4838709678,0.0,1.7483870967741937,1.1677419354838714,4814.8387096774195,23.225806451612904,408.93548387096774,31935.199999999983,4493.635483870966,7484.229032258065,1522.0999999999992,42.680645161290315,80.82258064516131,0.0,0.0,7235.419354839033,10.774193548387096,6.096774193548387,100.0,7098.515329032259,150.18000000000004
2019-02-28,82.70464285714287,83.08178571428572,1.1755785714285716,1.0797285714285711,0.4543321428571429,0.0,8.499496428571431,8.173560714285715,16.67305714285714,0.0,1400435.7142857143,1344735.7142857143,0.0,0.5464285714285715,0.0,5103.928571428572,0.0,455.0,31935.199999999986,4877.675,7851.992857142856,1522.0999999999992,57.639285714285684,85.3,0.0,0.0,6303.607142857143,16.607142857142858,13.714285714285714,100.0,6707.845735714286,149.0175
2019-03-31,82.96870967741935,83.53000000000002,1.2395580645161295,0.5486483870967743,1.3518612903225808,0.0,9.882245161290324,9.665235483870967,19.54748064516129,0.0,1580516.1290322582,1544232.2580645161,0.0,0.0,0.0,4801.290322580645,0.0,450.19354838709677,31935.199999999983,5396.812903225806,8358.061290322581,1522.0999999999992,59.29999999999997,85.30000000000003,0.0,0.0,4334.774193548387,19.532258064516128,25.838709677419356,100.0,6109.068032258065,147.1538709677419
2019-04-30,83.90966666666667,83.59600000000002,1.2111133333333333,0.2743866666666666,1.779513333333333,0.30529,9.879806666666667,9.696663333333337,19.88176,44880.0,1520300.0,1492300.0,0.0,0.0,0.0,5220.666666666667,8.0,497.8,31935.199999999986,5971.02,8925.45,1522.0999999999992,59.29999999999997,85.30000000000001,0.0,0.0,3985.7333333330002,19.860000000000003,41.0,100.0,5421.106426666667,144.87133333333335
2019-05-31,83.70096774193551,82.98774193548387,0.8881161290322579,1.8063806451612905,1.0397935483870966,4.387961290322581,6.557980645161292,5.927232258064514,16.873174193548387,641377.4193548387,969635.4838709678,875025.8064516129,0.0,0.2870967741935484,0.0,4990.322580645161,22.580645161290324,493.1290322580645,10395.529032258068,6466.396774193548,9389.735483870969,1522.0999999999992,60.80967741935486,85.30000000000003,0.0,0.0,8886.09677419355,16.870967741935484,55.25806451612903,26.774193548387096,4793.630500000001,142.62838709677422
2019-06-30,83.85333333333334,82.40500000000002,0.5995833333333334,6.732376666666668,0.02274,4.598356666666667,4.558206666666667,4.670133333333333,13.826696666666665,654760.0,650260.0,666346.6666666666,0.0,0.0,0.0,5025.0,0.0,458.23333333333335,387.8400000000001,6773.500000000001,9686.12,1522.0999999999992,62.90000000000003,85.30000000000001,0.0,0.0,8528.966666666332,13.7,63.7,2.933333333333333,4435.659343333333,141.2693333333333
2019-07-31,83.75225806451614,81.92967741935486,0.5340548387096775,16.33686129032258,0.0,3.707261290322581,3.5196548387096773,3.039851612903226,10.266767741935485,530212.9032258064,503287.0967741936,431583.87096774194,0.0,0.2903225806451613,0.0,4969.677419354839,24.838709677419356,437.9032258064516,638.1354838709677,7022.5,9920.593548387098,1522.0999999999992,66.59999999999997,85.30000000000003,0.0,0.0,8086.645161290968,10.225806451612904,63.483870967741936,0.0,4473.675629032256,141.4177419354839
2019-08-31,83.92096774193547,81.65645161290323,0.6729193548387097,85.71109677419356,0.0,2.9163903225806456,2.934545161290323,2.657458064516129,8.5083935483871,446870.96774193546,449429.03225806454,406354.8387096774,0.0,0.2032258064516129,0.22903225806451613,5010.0,0.0,405.3225806451613,856.7387096774193,7232.76129032258,10102.264516129031,1522.0999999999992,68.2548387096774,87.20000000000003,0.0,0.0,7144.451612903225,8.709677419354838,33.29032258064516,0.0,5783.682341935484,146.0077419354839
2019-09-30,84.32233333333332,83.18433333333334,0.8993766666666666,57.682796666666654,0.0,7.015193333333334,6.643686666666666,6.58186,20.24074,1195486.6666666667,1132126.6666666667,1120550.0,0.0,0.0,0.0,5194.0,0.3333333333333333,434.3333333333333,1141.9733333333336,7504.696666666667,10367.58,1522.0999999999992,69.29999999999997,88.40000000000005,0.0,0.0,7765.099999999333,20.266666666666666,0.8,0.0,7752.99792,152.03400000000002
2019-10-31,83.79258064516131,82.60419354838712,0.9893161290322581,10.151154838709678,0.0,5.4342612903225795,5.524603225806452,5.125151612903226,16.084016129032257,931087.0967741936,946519.3548387097,875774.1935483871,0.0,0.0,0.0,5440.967741935484,0.0,475.258064516129,1524.558064516129,7881.493548387098,10722.080645161286,1522.0999999999992,69.29999999999998,88.40000000000005,0.0,0.0,8431.35483871,16.032258064516128,0.0,0.0,7886.347616129031,152.41193548387096
2019-11-30,83.60533333333333,82.54366666666667,0.8322666666666664,3.0470133333333327,0.13898333333333335,5.391766666666666,5.67932,3.5714199999999994,14.64250666666667,910440.0,961583.3333333334,600266.6666666666,0.0,0.0,0.06666666666666667,5500.0,37.0,442.6333333333333,1852.503333333333,8221.999999999998,10962.4,1166.943333333333,69.29999999999997,88.45666666666666,0.0,0.0,9063.966666666667,14.566666666666666,0.0,26.666666666666668,7578.613493333333,151.5556666666667
2019-12-31,83.06870967741936,82.29354838709678,0.8310064516129031,1.668996774193549,0.8217129032258065,4.235893548387097,4.159816129032258,5.180116129032258,13.57582580645161,700487.0967741936,687570.9677419355,860277.4193548387,0.054838709677419356,0.267741935483871,0.0,4598.064516129032,15.483870967741936,405.7741935483871,2137.16129032258,8509.732258064514,11255.54193548387,0.41290322580645167,70.96451612903228,88.5,0.0,0.0,7876.967741935161,13.435483870967742,4.741935483870968,0.0,7168.046329032257,150.38193548387096
2020-01-31,83.12838709677418,82.59903225806454,0.9068,1.1549129032258065,0.4922161290322581,4.5855483870967735,4.967319354838709,5.500577419354839,15.053445161290323,736335.4838709678,799329.0322580645,890025.8064516129,0.0,0.667741935483871,0.532258064516129,5067.741935483871,16.129032258064516,426.5806451612903,2406.532258064516,8796.82258064516,11598.893548387096,0.8000000000000004,76.54516129032262,95.77096774193554,0.0,0.0,8799.612903225483,14.96774193548387,12.96774193548387,0.0,6741.115893548386,149.11806451612907
2020-02-29,83.3551724137931,83.20827586206897,1.1225724137931032,0.39277241379310346,0.9360655172413792,6.349306896551725,6.774627586206897,6.506365517241378,19.630299999999995,998955.1724137932,1068858.6206896552,1027324.1379310344,0.0,0.0,0.0,4724.137931034483,0.0,429.2068965517241,2747.744827586207,9162.724137931034,11964.04482758621,0.8000000000000004,81.90000000000005,95.90000000000005,0.0,0.0,9673.551724137931,19.551724137931036,23.79310344827586,0.0,6205.757206896553,147.46241379310345
2020-03-31,83.47322580645165,83.0577419354839,1.1663548387096774,0.3130258064516129,1.3978516129032257,5.985793548387098,6.438496774193547,6.521538709677419,18.94582903225806,910767.7419354839,982570.9677419355,994477.4193548387,0.0,0.0,0.0,4907.741935483871,0.6451612903225806,471.7096774193548,3128.6741935483874,9582.103225806452,12366.96129032258,0.8000000000000004,81.90000000000005,95.90000000000005,0.0,0.0,10292.35483871,18.93548387096774,38.41935483870968,0.0,5529.155487096775,145.24161290322579
2020-04-30,84.79466666666666,82.96433333333334,1.13634,0.72896,1.1732733333333334,5.898746666666666,6.343446666666668,6.114633333333333,18.35682666666667,865283.3333333334,932506.6666666666,896403.3333333334,0.0,0.0,0.33999999999999997,4862.0,0.0,482.26666666666665,3475.1466666666665,9955.116666666667,12737.710000000001,0.8000000000000004,81.90000000000005,96.6333333333334,0.0,0.0,10110.933333333332,18.366666666666667,52.7,0.0,4902.0303933333325,143.02766666666665
2020-05-31,84.1658064516129,82.73,0.8331483870967743,0.6214774193548388,0.850983870967742,5.325045161290324,5.728767741935483,5.36228064516129,16.4160935483871,751209.6774193548,810635.4838709678,756838.7096774194,0.0,0.23548387096774193,0.0,5235.4838709677415,0.0,495.3225806451613,3822.9677419354834,10325.12258064516,13098.33548387097,0.8000000000000004,85.09999999999995,100.30000000000004,0.0,0.0,8856.096774193225,16.35483870967742,66.38709677419355,0.0,4337.035758064515,140.8758064516129
2020-06-30,84.324,82.23400000000001,0.5653,1.61998,1.1572600000000002,4.29272,4.58884,4.07944,12.961000000000002,588480.0,632520.0,561600.0,0.0,0.0,0.0,5238.0,0.0,487.0,4004.1400000000003,10525.7,13276.5,0.8,85.1,100.3,0.0,0.0,10423.4,12.8,73.8,0.0,4044.5612799999994,139.7
